,video_id,video_title,upload_date,view_count,like_count,comment_count
0,wCpOnFOvi6g,SELECTING 8 INDIAN STOCKS using THE INTELLIGENT INVESTOR! | Book Review | Warikoo Hindi,2022-06-07,99631,5005,729
1,gdvnx3evcwA,BUILDING MULTIPLE INCOME STREAMS?! | Money talks with @Akshat Shrivastava | Warikoo Hindi,2022-06-04,150121,6121,1085
2,udsm9adINcw,Investing in a BEAR MARKET IN THE US? | US Stock Market Investing | Warikoo Hindi,2022-06-02,110976,4063,742
3,xjqMK3hryz0,VOLATILE MARKETS - WHERE SHOULD YOU INVEST? | Investing For Beginners 2022 | Warikoo Hindi,2022-05-31,164465,7406,1028
4,13nhoS_XYfg,Money YOU NEED for a LIFETIME! | Financial Planning for EVERYONE! | Ankur Warikoo Hindi,2022-05-28,270522,11407,1824
5,yvBWBArAKeM,METAVERSE EXPLAINED in 15 MINUTES! | Web3 For Beginners | Ankur Warikoo Hindi,2022-05-26,124588,4969,586
6,dIShRJaRHGM,20 MUST READ BOOKS FOR YOUR 20s! | GIVING AWAY UNLIMITED BOOKS! | Warikoo Books Hindi,2022-05-24,165992,13465,10361
7,sXuX99BndMg,Lab Assistant to the CEO of Edelweiss at 32! | Money Talks with Radhika Gupta! | Warikoo Hindi,2022-05-21,105330,3205,381
8,opRm8sr_2Qg,10 SKILLS - EARN 1 LAC/MONTH! | Top Online Courses 2022 | Ankur Warikoo Hindi,2022-05-19,275399,17793,1114
9,ePMsEiaRFFY,REIT - UPTO 23.5% ANNUAL RETURNS! | Real Estate Investing EXPLAINED! | Ankur Warikoo Hindi,2022-05-17,364063,16327,1622
10,_4NkigvjnZc,MARKETS CRASHING! - WHAT SHOULD YOU DO?! | Investing Strategy 2022 | Ankur Warikoo Hindi,2022-05-14,181985,7143,1052
11,SZVt3z3xbTg,ALL ABOUT MAKING MONEY WITH @Ishan Sharma! | Ankur Warikoo Hindi,2022-05-12,290771,12520,721
12,vB1SU3XTd1I,The Courage to be Disliked - BOOK REVIEW IN 10 MINUTES! | Ankur Warikoo Hindi,2022-05-10,106587,6579,677
13,jQSzZwsljG8,Things EVERYONE should know about MONEY! | Candid LESSONS with @Tanmay Bhat | Warikoo Hindi,2022-05-07,295423,14075,946
14,RqwV6VOw2g8,Reduce CAPITAL GAIN TAX by 90%! | Tax Harvesting EXPLAINED! | Ankur Warikoo Hindi,2022-05-05,145573,7094,1215
15,wNkR2V5pSeY,The BEST INVESTMENT portfolio for YOUR AGE! | Investing for Beginners | Ankur Warikoo Hindi,2022-05-03,178534,8375,790
16,bzrLak6iw20,Get OUT of LOAN and DEBT! | Repay Loans quickly 2022! | Ankur Warikoo Hindi,2022-04-30,127521,5373,608
17,9lVjGhIr9p8,Career Change - 5 STEP FRAMEWORK! | Switching Jobs | Ankur Warikoo Hindi,2022-04-28,123418,4996,418
18,01GRBpGBKCw,COMPLETE GUIDE to US Stock Market Investing! | Ankur Warikoo Hindi,2022-04-26,130146,5679,1197
19,dRnABh-rjwQ,BUYING a Car - are you LOSING MONEY? | Ankur Warikoo Hindi,2022-04-23,369215,16171,4485
20,mKwZeCrab8M,STARTUP vs. CORPORATE - Which is the BEST for YOU? | Ankur Warikoo Hindi,2022-04-21,102480,4488,481
21,lHpYxqiRXkw,TAKE CHARGE of YOUR MONEY in 10 MINUTES! | Financial Planning | Ankur Warikoo Hindi,2022-04-19,164372,10374,1081
22,WGHbhxghEhQ,10 SIGNS that you WILL become RICH! | Ankur Warikoo Hindi,2022-04-16,208703,12242,1177
23,o21LkcxuLx8,14 ONLINE COURSES that can make you RICH! | Ankur Warikoo Hindi,2022-04-14,437494,23388,6098
24,3UNFI4ru7SE,5 KEY Tips to a LONG and HAPPY LIFE! | IKIGAI BOOK REVIEW in HINDI | Ankur Warikoo,2022-04-12,154578,8373,3132
25,C8UYlvHtqrY,My MOTHER taught me THIS! | Ankur Warikoo #Shorts,2022-04-11,99921,7603,178
26,HwS53PhPZDc,A FUNNY Incident with MY PARENTS! | Ankur Warikoo #Shorts,2022-04-10,300783,17444,478
27,DZGoHZtZZXw,A LIFE LESSON I learnt from MY MOTHER! | Ankur Warikoo #Shorts,2022-04-09,120968,12455,136
28,DsHnV67nN0k,How MY DAUGHTER reads BOOKS! | Ankur Warikoo #Shorts,2022-04-08,138861,11515,103
29,ypWdlHganhI,I DROPPED OUT of my education IN AMERICA! | Ankur Warikoo #Shorts,2022-04-07,333930,21211,331
30,KDef8SDAW_s,This advice CHANGED the way I WORK! | Ankur Warikoo #Shorts,2022-04-05,158085,12920,90
31,GhNpAPPIVIk,COMPLETE GUIDE to SMALLCASE Investments! | Investing for Beginners | Ankur Warikoo Hindi,2022-04-02,297895,11656,1398
32,JBX7-71euk4,"Study in US, UK, Canada | Is it Worth it? | Ankur Warikoo Hindi",2022-03-31,152031,8377,1651
33,vaaL8PVlO8M,"I had NO JOB, NO MONEY! | Ankur Warikoo #Hindi",2022-03-29,189975,12673,1246
34,rBMwZP2XpkA,5 apps I use for INVESTING! | Ankur Warikoo #Shorts,2022-03-28,331219,20788,439
35,AnLf_olGzwg,CREDIT CARDS ARE AWESOME! | Ankur Warikoo #shorts,2022-03-27,103647,6068,81
36,9yMg2RZE0Gc,How to invest in Real Estate? | Ankur Warikoo | My experience with Real estate investing,2022-03-26,254554,9782,1494
37,JEc7EiKeLNI,3 MUST-READ BOOKS | Ankur Warikoo #shorts,2022-03-26,107486,11423,64
38,jnxuueZqBAc,CREDIT CARDS ARE A DISASTER! #shorts,2022-03-25,41380,2581,49
39,ua670SsYMQU,I STARTED investing at 39! | Ankur Warikoo,2022-03-24,152317,6439,798
40,67GaoYVtCOI,START INVESTING IN YOUR 20s - 3 WAYS | Ankur Warikoo #shorts,2022-03-24,126808,12062,215
41,HAEq3-KaCp4,3 THINGS TO DO BEFORE YOU START INVESTING | Ankur Warikoo #shorts,2022-03-23,151315,13192,143
42,674nedqMwR0,Grow your money through Excel | Ankur Warikoo | Personal Finance | Investing using Excel,2022-03-22,216766,8530,723
43,Gzm70980UOs,How to RE-PAY LOANS Quickly? | Ankur Warikoo #shorts,2022-03-22,207226,16040,268
44,OrRR6r1OL8U,THESE 3 THINGS WILL MAKE you POOR! | Ankur Warikoo #Shorts,2022-03-21,118392,9879,122
45,S0V3x__mTLk,What is YOUR RELATIONSHIP with MONEY? | Ankur Warikoo #Shorts,2022-03-20,82152,5803,102
46,458ScyLBMn0,BEST Strategy for Short Term Investing | FIXED 11% RATE OF RETURN! | Ankur Warikoo Hindi,2022-03-19,447524,14779,1245
47,lJkughEU3AQ,WHAT is an EMERGENCY FUND and WHERE to KEEP IT? | Ankur Warikoo #Shorts,2022-03-19,184852,12852,241
48,E6Fw-5LMGVo,3 Ways YOU can be SMART about MONEY! | Ankur Warikoo #shorts,2022-03-18,134357,11722,154
49,Eia-2dnmD7g,Parents - 11 HARSH TRUTHS. | Ankur Warikoo Hindi,2022-03-17,305816,13320,1373
50,nhw7PZbv1nA,THIS SMALL THING CAN CHANGE YOUR LIFE! | Ankur Warikoo #shorts,2022-03-17,106657,13369,140
51,b6Ll-VYhQX0,7 Ways to Get Salary Increment - GUARANTEED! | Ankur Warikoo Hindi,2022-03-15,200338,9127,744
52,fm5uj25yVvk,3 Ways I LOST MONEY in MY 20s! | Ankur Warikoo #Shorts,2022-03-15,211196,16953,144
53,cNoUEanBZfE,I wish SOMEONE TOLD THIS to me in my 20s! | Ankur Warikoo #Shorts,2022-03-14,453757,27244,201
54,LILp_Lr7ENc,Get STARTED with Stock Market Investing! | Ankur Warikoo #Shorts,2022-03-13,80259,6752,76
55,zL3CniOFMvU,7 ASSETS that WILL make you RICH! | Personal Finance for Beginners | Ankur Warikoo Hindi,2022-03-12,402670,19913,1793
56,4TBT2_3GN2M,Golden Rule of MANAGING YOUR MONEY! | Ankur Warikoo #Shorts,2022-03-12,67330,6158,83
57,5be1I8g_XtM,The BIGGEST GOLDEN RULE of INVESTING! | Ankur Warikoo #Shorts,2022-03-11,143992,8963,81
58,zaFAsFP-u2U,Rich Dad Poor Dad Book Review | Books on Money! | Ankur Warikoo Hindi,2022-03-10,295033,16053,1581
59,iXI7GBhgUQY,3 reasons you should NOT BUY A HOUSE! | Ankur Warikoo #Shorts,2022-03-10,248244,14067,239
60,ZcBLzLZClcs,The BIGGEST MONEY LESSON in LIFE! | Ankur Warikoo #Shorts,2022-03-09,139617,9385,76
61,3XBssbaxqMU,A CA to 3.5M subscribers on YouTube: @CA Rachana Phadke Ranade&#39;s #CreatingForIndia journey,2022-03-08,211175,8629,805
62,Ui9OLJSOet8,3 ways YOU ARE READING BOOKS WRONG! | Ankur Warikoo,2022-03-08,409141,28980,356
63,u3V6NRal0Tg,2 types of people in this world! | Ankur Warikoo #Shorts,2022-03-07,131962,8976,114
64,uZYLytAQSVc,3 Books you CAN&#39;T MISS in YOUR 20s! | Ankur Warikoo #Shorts,2022-03-06,84704,9164,117
65,4BXPxuwAp-Q,Retire with 4 CRORES! | Financial Planning for Beginners | Ankur Warikoo Hindi,2022-03-05,279563,12800,1175
66,-nGG2NECuVI,3 TRUTHS about Investing that NO ONE TALKS ABOUT! | Ankur Warikoo #Shorts,2022-03-04,208187,14158,205
67,u71ErGPxBrs,Hard hitting responses to your questions | Ankur Warikoo Hindi,2022-03-03,94579,4706,457
68,LNQfgVNORDw,3 FAST TRACK ways to GROW KNOWLEDGE! | Ankur Warikoo #Shorts,2022-03-03,143503,13487,100
69,vSm651rJBes,1 IMPORTANT LIFE CHOICE YOU MUST MAKE! | Ankur Warikoo #Shorts,2022-03-02,111520,10255,117
70,AbMYbLw5qwc,Earn MONEY in the Stock Market in 2022 | Investing Tips for Beginners | Ankur Warikoo Hindi,2022-03-01,281906,12456,1674
71,yBi6JvtQzio,NUMBER 1 LIFE SKILL EVER! | Ankur Warikoo #Shorts,2022-03-01,119492,12425,99
72,39I_5iNyKUo,DON&#39;T FOLLOW THESE 3 TYPES OF PEOPLE! | Ankur Warikoo #Shorts,2022-02-28,68874,5615,190
73,2vjVhzbkqvA,Rs. 500 to Rs. 3.5 CRORES! | Ankur Warikoo #Shorts,2022-02-27,750711,43807,1145
74,AAt6CbPjqVs,Earn 7 Crores in 1 year! | Online courses | Ankur Warikoo Hindi,2022-02-26,136294,5795,667
75,TDIEUWWysMA,3 THINGS - Are you STILL DOING THESE in your 20s?! | Ankur Warikoo #Shorts,2022-02-26,83781,8167,62
76,mjgxnF-om0Q,Success Vs. Failure - THE REAL TRUTH! | Ankur Warikoo #Shorts,2022-02-25,88672,9484,167
77,LIItg5G7PzQ,How I SPEND MY MONEY? |  Personal Finance | Ankur Warikoo Hindi,2022-02-24,160409,8767,1214
78,dQWjuW1Nfn4,Are YOU in a HEALTHY RELATIONSHIP? - 3 SIGNS! | Ankur Warikoo #Shorts,2022-02-24,83134,7244,86
79,oeGUE_kC31k,ZINDA HO TUM - Ankur Warikoo Spin! | #Shorts,2022-02-23,84525,10272,243
80,ELRsATM7yOw,REACTING TO HATE and MEAN COMMENTS ON THE INTERNET! | Ankur Warikoo,2022-02-22,152572,9966,1498
81,A1epsOLpGIU,2022 - 3 EXTREMEMLY POWERFUL HABITS! | Ankur Warikoo #Shorts,2022-02-22,197613,21295,166
82,tHgBJ4t8xJ0,2022 - 3 Life Skills YOU CAN&#39;T SURVIVE WITHOUT! | Ankur Warikoo #Shorts,2022-02-21,302080,31318,223
83,5vbKtjqL0nU,Are you STUCK IN LIFE?! | Ankur Warikoo #Shorts,2022-02-20,118851,11089,86
84,ZLoeS3npdi0,Investing vs Loan Repayment EXPLAINED with Excel Sheet! | Ankur Warikoo Hindi,2022-02-19,364001,10713,1175
85,KKv-q9HEwX0,Are you not enjoying college? | Ankur Warikoo #Shorts,2022-02-19,121342,9250,126
86,g5jJK6celws,Are you REALLY FREE from THESE 3 Things? | Ankur Warikoo #shorts,2022-02-18,75321,5937,93
87,xkm6dhRkMQ8,LIFE CHANGING Habits you NEED to WATCH! | Ankur Warikoo Hindi,2022-02-17,442378,30946,2048
88,eS6oHHg-BjA,3 Productivity hacks NO ONE told you about | Ankur Warikoo #Shorts,2022-02-17,116965,11804,72
89,hB_Bs3rbn5E,3 MISTAKES To Avoid in your 20s | Ankur Warikoo #Shorts,2022-02-16,104223,9859,87
90,U8vaPjDuATI,Are you WASTING your HARD EARNED MONEY? | Personal Finance 101 | Ankur Warikoo Hindi,2022-02-15,581582,23839,2875
91,E73Jk982qHY,3 SMALL Things that make ME HAPPY! | Ankur Warikoo #Shorts,2022-02-15,66913,7469,99
92,P_IZJkpouw8,MY FAVOURITE QUOTE of All Time! | Ankur Warikoo #Shorts,2022-02-14,91283,10231,197
93,wSG1T9vGaTk,3 books YOU CAN&#39;T MISS! | Ankur Warikoo #Shorts,2022-02-13,88804,11295,172
94,eQPfyoF8dy4,INVESTING? 10 things YOU MUST know! | Ankur Warikoo Hindi Video,2022-02-12,109961,4842,530
95,qk_PsIxOO3o,3 things to RUN AFTER in your 20s! | Ankur Warikoo #Shorts,2022-02-12,71966,7510,67
96,H6GHn3pEs-o,This is what I do when I&#39;m lost! | Ankur Warikoo #Shorts,2022-02-11,79863,8191,111
97,SDrpeumtOp8,4 POWERFUL ways to calmly resolve Disagreements | Ankur Warikoo Hindi,2022-02-10,125616,6506,860
98,Ghme1UBRW1c,I wish I could..... | Ankur Warikoo #Shorts,2022-02-10,90466,8030,58
99,PMcmrRZF2SQ,The BIGGEST Mistake of my Career | Ankur Warikoo #Shorts,2022-02-09,83060,5789,73
100,CmcmxPXyDuM,Atomic Habits Book Review in Hindi | Ankur Warikoo,2022-02-08,287659,15948,878
101,90zAwsRRc88,I DISAPPOINTED my Parents | Ankur Warikoo #Shorts,2022-02-08,81184,8463,97
102,Rik169B1PsU,STAY AWAY from THESE People! | Ankur Warikoo #Shorts,2022-02-07,88913,6791,160
103,YAzXcgVXNls,3 steps to better MENTAL STRENGTH! | Ankur Warikoo #Shorts,2022-02-06,109194,13909,91
104,s9J3mFM1sjo,How I track my investments in 2022 | Ankur Warikoo Hindi,2022-02-05,99580,3750,687
105,yU--QTU69Q8,3 reasons you will NOT get RICH! | Ankur Warikoo #Shorts,2022-02-05,472236,33494,274
106,aOU3LvX2GkA,Why are you STILL FRIENDS?! | Ankur Warikoo #Shorts,2022-02-04,121091,12847,193
107,JzXrbElMRsM,How to start meditation | Meditation For Beginners | Ankur Warikoo,2022-02-03,274326,12756,1234
108,pZLJ_aqWJb0,The WORST way to teach a Lesson! | Ankur Warikoo #Shorts,2022-02-03,270943,19677,368
109,f_1b_Vv8e_M,3 BEST Career Tips for your 20s! | Ankur Warikoo #Shorts,2022-02-02,162424,14903,137
110,-bX4Wp_JNiE,12 Side Income Ideas for 2022! | Replace Your Current Job! | Ankur Warikoo Hindi,2022-02-01,384152,18318,985
111,08ENZFsypLc,Become a Time Management NINJA in 2022! | Ankur Warikoo #Shorts,2022-02-01,155048,13913,124
112,cv_zngyS0E0,7 Autobiographies you CAN&#39;T miss! | Ankur Warikoo #Shorts,2022-01-31,113113,10393,215
113,_L-exNaRkKk,STOP BELIEVING THIS LIE! | Ankur Warikoo #Shorts,2022-01-30,216194,19059,316
114,peUF5SyBXJE,NFTs: How to buy and sell - Complete Guide w/ @Mohit Mamoria | Ankur Warikoo,2022-01-29,538859,20194,2630
115,_HCkTSZ42Ec,3 things BEST Friends do! | Ankur Warikoo #Shorts,2022-01-29,197615,18218,169
116,mFI1VDTSvN4,3 Promises to make with Money in 2022 | Ankur Warikoo #Shorts,2022-01-28,120922,9903,100
117,UNCQMV8RU_M,COMPLETE Tax Planning for Salaried Individuals! | Ankur Warikoo Hindi,2022-01-27,271066,11642,8636
118,03w6EuSB3B0,5 ideas to make Money Online in 2022! | Ankur Warikoo #Shorts,2022-01-27,134707,10923,90
119,NO9bTIbp5gc,3 Mistakes we make with our TIME | Ankur Warikoo #Shorts,2022-01-26,141426,14057,102
120,Y1V8xYVboLo,5 Investing ideas for 2022 | Investing For Beginners | Ankur Warikoo Hindi,2022-01-25,151748,6579,591
121,YLcdjROlfNU,3 Hacks to Control Phone Addiction | Ankur Warikoo #Shorts,2022-01-25,188715,11994,122
122,ctWCHL1-xFM,1 Question I Ask Myself Every Time | Ankur Warikoo #Shorts,2022-01-24,69948,6695,98
123,vXxb8iZpTI0,New to Investing? Try THESE 3 things! | Ankur Warikoo #Shorts,2022-01-23,134582,11117,140
124,7TSncq7QgFE,"15 Crore business in 12 months, from zero! | Reinventing my Life at 40! | Ankur Warikoo Hindi",2022-01-22,832405,38779,4044
125,wle3RwBixE4,3 TRUTHS About Life you MUST know | Ankur Warikoo #Shorts,2022-01-22,114581,10284,94
126,9Ms_JvhLg7M,5 tips to deal with Emergencies! | Ankur Warikoo #Shorts,2022-01-21,109737,8238,51
127,Oz1ows6IGHE,"Ask Me Anything! | YouTube LIVE with Ankur Warikoo | Personal Finance, Career and Life!",2022-01-20,98110,4604,381
128,0xha5eKBCFk,Should you Quit your Job and Follow your Passion? | Ankur Warikoo #Shorts,2022-01-20,133107,14092,239
129,zcqyTA7VdnU,START READING NOW! - 3 Ways | Ankur Warikoo #shorts,2022-01-19,126279,12644,105
130,yARe0aFIJBE,My relationship with MONEY | Personal Finance | Ankur Warikoo,2022-01-18,190117,13983,1985
131,HodVpya__aA,3 Challenges for YOU in 2022! | Ankur Warikoo #Shorts,2022-01-18,285938,34254,226
132,OjFOKFAe0aU,3 tips for CONSTANT Career Growth! | Ankur Warikoo #Shorts,2022-01-17,169272,14566,72
133,6T1utCLMHdE,Why do Good People Date the Wrong People? | Ankur Warikoo #Shorts,2022-01-16,294669,20736,215
134,1VbNCaMS-Lw,How to Invest a Lumpsum amount in 2022? | Ankur Warikoo Hindi,2022-01-15,511559,16858,1519
135,1BtrsVZ-Prw,"It&#39;s Natural, It&#39;s OKAY! | Ankur Warikoo #Shorts",2022-01-15,167879,12379,241
136,zLK2Ceo1U5w,You HAVE to make Sacrifices | Ankur Warikoo #Shorts,2022-01-14,221349,17685,125
137,TEjuD0UugnA,How I Create Content on YouTube! | Content Creation Process in 2022 | Ankur Warikoo Hindi,2022-01-13,237307,10866,1205
138,0JJPau8hXdY,The MOST IMPORTANT 30 Minutes of your Day | Ankur Warikoo #Shorts,2022-01-13,284581,27273,142
139,Ltrg7FfJMVA,3 things you should NEVER apologise for! | Ankur Warikoo #Shorts,2022-01-12,170816,13581,111
140,DpyMvwF4OSE,Psychology of Money Book Review | Ankur Warikoo Hindi,2022-01-11,619767,34158,1927
141,z7UrYCPbyeE,3 BIG signs of Toxic People | Ankur Warikoo #Shorts,2022-01-11,307130,20544,355
142,80A9_lBlczY,3 ways to build confidence | Ankur Warikoo #Shorts,2022-01-10,202801,19818,163
143,0grcsrwFSb4,3 Things I HATE! | Ankur Warikoo #Shorts,2022-01-09,459190,24025,349
144,jeu_AZqV8Sg,My Investing Strategy for 2022! | Ankur Warikoo Hindi,2022-01-08,348165,15691,2316
145,UHXiBN8T5-s,I was JOBLESS with NO money at 29! | Ankur Warikoo #Shorts,2022-01-08,322551,27103,449
146,mOCVhBH8NAc,3 IMPORTANT Lessons I learnt in 2021 | Ankur Warikoo #Shorts,2022-01-07,203096,16248,139
147,Hx2I7m1XEWk,Planning Your Career in 2022 | Job Planning Framework | Ankur Warikoo,2022-01-06,265685,14960,753
148,RZpBQsqvcxI,Life is ALL about 2 choices! | Ankur Warikoo #Shorts,2022-01-06,173549,18095,94
149,qhnQTeDj-fc,3 ALARMING relationship mistakes | Ankur Warikoo #Shorts,2022-01-05,840806,50668,337
150,9vUuxP4QzGM,Yeh Buy-Now-Pay-Later Kya Hai? W/ Nitin Gupta | Ankur Warikoo,2022-01-04,94595,3730,290
151,GWezJShidFg,The 3 BIGGEST Lies we hear | Ankur Warikoo #Shorts,2022-01-04,297034,25786,268
152,g8gWq41iC_k,3 HACKS to Grow YOUR Knowledge | Ankur Warikoo #Shorts,2022-01-03,417864,37252,182
153,IsME8oZMKm8,An IMPORTANT Life Lesson I learnt from my Father | Ankur Warikoo #Shorts,2022-01-02,371273,28062,188
154,Zj3ZArkn1sI,How to Invest in your 20s - UPDATED! | Investing in 2022 | Ankur Warikoo Hindi,2022-01-01,621828,36189,2540
155,QUxjCFkpqls,MY DAUGHTER AND COLOURS! | Ankur Warikoo #Shorts,2022-01-01,2914888,154825,663
156,KHHiqTesRHI,Biggest Mistakes Parents Make | Ankur Warikoo #Shorts,2021-12-31,185938,13530,175
157,hPk2F0cDmUI,Mistakes I made in my Relationships | Ankur Warikoo Hindi,2021-12-30,239969,15893,1169
158,ntooBTVX9oE,3 AWESOME Hacks to get people to like you! | Ankur Warikoo #Shorts,2021-12-30,494674,38211,280
159,6nZjZyaR7rI,3 IMPORTANT Skills for your 20s | Ankur Warikoo #Shorts,2021-12-29,266505,29177,155
160,EE8iTK9_xa8,5 IMPORTANT Life Decisions you SHOULD take on an Excel Sheet | Ankur Warikoo Hindi,2021-12-28,371756,18947,1357
161,4e9R6-Aiv_E,3 things you NEED to hear in your 20s | Ankur Warikoo #Shorts,2021-12-28,245553,28364,126
162,fXc84lgTfCQ,My top 3 Under-rated Productivity Hacks! | Ankur Warikoo #Shorts,2021-12-27,444380,39519,207
163,dItsG9bPfPU,BIGGEST Mistake of my Career | Ankur Warikoo #Shorts,2021-12-26,208090,16939,72
164,AKsGnju472s,How much Money did I make in 2021?,2021-12-25,525715,38048,3417
165,GwZ-sJ7343E,3 Books You CAN&#39;T Miss | Ankur Warikoo #Shorts,2021-12-25,593888,60315,496
166,UN50JRmBihQ,3 Money Mistakes I Made in my 20s | Ankur Warikoo #Shorts,2021-12-24,335215,21822,201
167,PgdL-N3rx24,7 TOP Careers for Success in your 20s | Job Tips 2022 | Ankur Warikoo Hindi,2021-12-23,574671,29396,1341
168,buPfCfm7nIY,My Son&#39;s Future Plans | Ankur Warikoo #Shorts,2021-12-23,292081,21950,231
169,5_bQ7xQn6qI,My FIRST Day at the Gym | Ankur Warikoo #Shorts,2021-12-22,256710,23924,162
170,pJYFetCibXI,17 Books to Read in 2022 | My Top Reads of 2021 | Ankur Warikoo Hindi,2021-12-21,293078,15906,16827
171,ksAwpGVjQOo,Waited for 3 months AND... | Ankur Warikoo #Shorts,2021-12-21,551565,43299,221
172,JC2E9JIUcaU,Want to get your DREAM JOB? | Ankur Warikoo #Shorts,2021-12-20,397386,27947,120
173,rPvhp2ewlPw,5 books EVERYONE SHOULD Read | Ankur Warikoo #Shorts,2021-12-19,338861,30581,167
174,YiSCTs3KiDs,15 Gift Ideas for your Parents | Winter/Christmas Gifts 2021 | Ankur Warikoo Hindi,2021-12-18,115934,5674,3728
175,B27Fmxy9VJA,I stole Rs. 400 | Ankur Warikoo #Shorts,2021-12-18,743849,50119,493
176,NqWJXk700FA,3 Apps I use for Investing | Ankur Warikoo #Shorts,2021-12-17,99729,5778,118
177,i7QcRcXap0E,16 Best Investments I made in 2021 | My Investing Strategy | Ankur Warikoo Hindi,2021-12-16,237972,11716,1034
178,uGFxahskGew,The Only Loan you should ever take! | Ankur Warikoo #Shorts,2021-12-16,331436,13129,412
179,borvMxXZVMM,FOMO is NOT an Investing Strategy | Ankur Warikoo #Shorts,2021-12-15,156036,9341,79
180,3TchUWKmW_M,Investing Your Money in 2022 | Investment Tips for Beginners | Ankur Warikoo x @Akshat Shrivastava,2021-12-14,899365,27626,3533
181,tgeNZq-E-BE,3 ways to get rich before you turn 30 | Ankur Warikoo #Shorts,2021-12-14,615868,37486,367
182,K4qR7Pevvtg,3 Signs You Have Money | Ankur Warikoo #Shorts,2021-12-13,489654,23360,530
183,jUDdsNjCqq8,You’re not rich if you own luxurious things | Ankur Warikoo #Shorts,2021-12-12,204489,13954,157
184,as7acW3B2jA,NFTs explained in 10 minutes | Non Fungible Tokens | Ankur Warikoo Hindi,2021-12-11,1159454,59386,3133
185,0YWF2GImikA,Why I hate Fixed Deposits! | Ankur Warikoo #Shorts,2021-12-11,198797,12702,148
186,iPo9CzEDOlE,I scored 57 in English! | Ankur Warikoo #shorts,2021-12-10,167008,11691,186
187,OCpNDWZV1Ag,Investing - DON&#39;T Make These Mistakes | Ankur Warikoo,2021-12-09,239385,10561,780
188,VhZ-evbKcqg,7 Apps I use for my Investments! | Ankur Warikoo #Shorts,2021-12-08,713086,43052,775
189,SRsuLBzUryI,How I got 100% scholarship to study abroad | Ankur Warikoo Hindi Video,2021-12-07,178771,10742,599
190,v693MDRV1HI,What are Index Mutual Funds? | Ankur Warikoo,2021-12-04,237850,9640,1060
191,9w2pBVcxXnI,What are ETFs? | Ankur Warikoo | #GiveawayAlert,2021-12-02,113131,4910,640
192,W5kGrX2lI-s,I reached 1Mn subscribers in just 18 months? | Ankur Warikoo Hindi | YouTuber Journey,2021-11-30,68815,4027,859
193,PeqgHcl5LMo,Is an Online MBA worth it? | Ankur Warikoo,2021-11-27,212306,9661,1043
194,oYW8df0Rlpw,Stock and Crypto crash - How to handle,2021-11-25,125993,5252,452
195,vAz57tCa848,My Failure Resume | Ankur Warikoo,2021-11-23,394325,21991,2112
196,h-q6mpjCyFw,15 Online Courses for a BETTER CAREER! | Jobs in 2021-22 | Ankur Warikoo,2021-11-20,218139,11943,521
197,N1BPn_Ir66U,Top 10 BEST Gifts for Teenagers! | Ankur Warikoo,2021-11-18,141046,7056,3307
198,TKc1nUDWaSk,Traditional Banks vs Neo Banks | Digital Banks EXPLAINED IN HINDI | Ankur Warikoo,2021-11-16,134499,5333,864
199,qndFAkCvh6I,Where and how much to invest according to your age? | Ankur Warikoo,2021-11-13,397526,16166,1969
200,-mkX7z4A32k,I am gifting stocks - see how! | Ankur Warikoo,2021-11-11,72938,3022,442
201,DfWVGMPcUPA,My weekly schedule| Ankur Warikoo,2021-11-09,199686,9802,942
202,1gWwlIgua2g,Want to RETIRE before 30? WATCH THIS!,2021-11-06,1663528,62385,5210
203,K_QEvEAs1xo,DON’T make these mistakes in your 20s | Ankur Warikoo,2021-11-04,424281,29997,2467
204,soMHbU3Uqjk,My life&#39;s BEST Financial Decisions | Ankur Warikoo,2021-11-02,340196,14071,1096
205,RwKEqGOpqQs,True cost of Smallcase Investing EXPOSED | Ankur Warikoo,2021-10-30,334912,13202,1237
206,lqsOsPcGdAs,10 Questions to ask before buying Health Insurance | Ankur Warikoo,2021-10-28,128017,5080,507
207,-TsGycxsBy0,1 Million Special! | YouTube LIVE with Ankur Warikoo,2021-10-26,86159,6014,393
208,dbBbaQqIOu0,How I make money using Credit Cards | Ankur Warikoo,2021-10-23,2741396,40686,3634
209,jGf-qfDvH5k,When to sell a stock or share | Ankur Warikoo,2021-10-21,160106,8028,482
210,4dZPzbdScy8,I INVESTED IN A FIXED DEPOSIT!,2021-10-19,220826,9092,834
211,KvAbYzde7hs,When is it okay to give up?,2021-10-16,128746,8545,940
212,tCSR6XcvzGc,What is EPNS? | New and emerging careers in Technology,2021-10-14,216538,11522,507
213,0gUgm4zB2F4,Top 30 Soft Skills for a Better Career in 2021!,2021-10-12,266112,15799,992
214,fcbB0nkDik8,Introduction to Microsoft Excel - Excel Basics Tutorial,2021-10-09,434148,20384,1189
215,RuZU5RNpxTY,EPF or PPF - Which one should you invest in?,2021-10-07,378618,13074,879
216,JRDIqW6UyK4,"Why I invest in US Stocks - And you should, too!",2021-10-05,284211,11025,2248
217,bGgGp72D_OI,I was lost at 24...,2021-10-02,663179,51006,4304
218,S2c56qTcNio,Ask Me Anything! | YouTube LIVE with Ankur Warikoo,2021-09-30,77537,3763,215
219,vL_V_Ej4J50,Health Insurance Claims - REFORMED!,2021-09-28,132290,6258,844
220,3pZaYlnHl_0,What is Invoice Discounting?,2021-09-25,125899,4486,356
221,W1CvDxaizCU,Real-life lessons I learnt from Stock Investing,2021-09-23,96077,5061,324
222,ggVrFEzCfZI,The advice that changed my life!,2021-09-21,346685,23246,1266
223,I1lqmk6K6eA,Making money as a college student | Ankur Warikoo HIndi Video | How to make money Online in 2021,2021-09-18,651643,35239,863
224,cosjtcWyWlI,How does compounding work | Ankur Warikoo Hindi Video | Power of compounding,2021-09-16,608509,35117,2130
225,SoyNG31EAUw,Top Skills to learn before your 30s | Ankur Warikoo Hindi Video | Online Courses- My recommendations,2021-09-14,618336,40299,1114
226,g-hir-4WzfU,Building an Emergency Fund | Ankur Warikoo Hindi Video | Financial Planning for Beginners,2021-09-11,1076225,43630,2910
227,wXHJS4guEK4,Invest in Stocks with NO RESEARCH! | Ankur Warikoo Hindi | Idea Investing | Safely invest in stocks,2021-09-09,224354,9196,1015
228,DABiow1yw7c,DID YOU KNOW OF THESE INSURANCE PRODUCTS? | Ankur Warikoo Hindi Video,2021-09-07,85536,3219,278
229,PszPKozElCc,REVEALING MY NET WORTH! | Ankur Warikoo Hindi Video | How to calculate your net worth,2021-09-04,561937,22324,2789
230,NyiOx4ZsGns,Future of Crypto in India | Cryptocurrency Investing x Nischal Shetty - Ep 6 | Ankur Warikoo,2021-09-02,105248,3746,1120
231,RtN96mI6wt0,5 Ways I mastered speaking in English | Speaking English Fluently | Ankur Warikoo Hindi,2021-08-31,813007,41150,986
232,R7dmubi5GXA,My FAVOURITE purchases under INR 1000! | Ankur Warikoo Hindi | Cheap everyday products,2021-08-28,243484,10192,6222
233,xvYCUkfp11U,US Stock Investing - Things to keep in mind | Ankur Warikoo Hindi Video | Stocks to buy 2021,2021-08-26,109730,4452,826
234,AuEfteEGvWo,"Auto Insurance - WHY, HOW and WHEN? | Ankur Warikoo | Buying or Renewing Vehicle Insurance in India",2021-08-24,279505,6193,350
235,krwSDbuHWd4,Picking Stocks for Long term Investing in 2021 | Investment Strategy for Beginners | Ankur Warikoo,2021-08-21,1530166,70582,5283
236,AJzjBVbT1V0,Safely storing Crypto in 2021 | Cryptocurrency Investing x Nischal Shetty- Ep 5 | Ankur Warikoo,2021-08-19,51823,1887,350
237,XDK1J795kV4,My Favourite Money Apps? | Ankur Warikoo HIndi Video,2021-08-17,299626,13334,4933
238,-4v5IxpfEfk,My Stock Investing Strategies | YouTube LIVE with Ankur Warikoo,2021-08-14,311366,11180,1068
239,sYuzikmYLMo,Health insurance for yourself | Ankur Warikoo Hindi Video- Choosing the best Health Insurance Policy,2021-08-12,181833,6402,575
240,CTRqoPfVcbU,12 online courses that can make you RICH! | Passive Income Hindi Tips 2021 | Ankur Warikoo,2021-08-10,218123,13213,4957
241,1DRq8N7SpYc,How do SIPs work? | Ankur Warikoo | SIP or Lumpsum - which one is better? | Hindi Video,2021-08-07,1676087,49963,3074
242,8LxQ8H2A_fU,10 gifts I bought for my parents | Ankur Warikoo Hindi Video | Gift ideas for parents,2021-08-05,204511,10831,11680
243,S_ApIO17UA0,How to invest in crypto | Cryptocurrency Investing x Nischal Shetty- Ep 4 | Ankur Warikoo Hindi,2021-08-03,94136,3113,291
244,PbbAGhPjSPI,What are dividends? | Ankur Warikoo Hindi video| Dividend Stocks and Investing | Stock market basics,2021-07-31,396979,17997,1531
245,RuxvEZSYaTE,My favourite mobile apps | Ankur Warikoo | Must-have apps in 2021,2021-07-29,198812,8977,12173
246,d1_3tGM-Na0,Futures and Options Explained | Ankur Warikoo Hindi Video | Futures trading,2021-07-24,385712,17033,1634
247,6LY2nk1ASJc,"From IIT Engineer to YouTube Creator | Ankur Warikoo ft. Vikrant Kirar, @Crash Up | Content Creation",2021-07-22,96107,4835,605
248,1j8X26aka-I,How to buy and sell Cryptocurrency | Cryptocurrency Investing x Nischal Shetty- Ep 3 | Ankur Warikoo,2021-07-21,107062,3201,281
249,yydb_gBpEA0,How to repay loans quickly | Ankur Warikoo Hindi Video | Pay off debt faster | Calculator included,2021-07-17,2546586,81264,11980
250,ZKklM6elTxU,IPO Investing Strategy 2021 | How to invest in IPOs on your broker account? | Ankur Warikoo Hindi,2021-07-14,291827,10679,643
251,IRxTCory62Y,Understanding Life Insurance | Ankur Warikoo Hindi Video | Choosing the best life insurance policy,2021-07-13,300695,10993,496
252,a88QCJyYmqI,Making money in all time high markets! | Bull market Investing tips for Beginners | Ankur Warikoo,2021-07-10,185319,8619,675
253,XkL37kTun1M,Why SO MANY Crypto coins? | Cryptocurrency Investing x Nischal Shetty - Ep 2 | Ankur Warikoo,2021-07-06,102053,3903,297
254,SzgwRuKvC0c,Financial Goal Setting - How to plan your journey | Ankur Warikoo Hindi Video | WITH CALCULATOR,2021-07-01,911931,34650,1648
255,9gux3gVEuhw,How an MBA changed my life | Ankur Warikoo Hindi Video | Should you get an MBA?,2021-06-29,99485,5842,695
256,GCXbjwg7gqY,Best Books on Money | Ankur Warikoo Hindi Video | Quotes on money | Book Recommendations,2021-06-26,114577,6775,6574
257,zQ7EIbpm_d0,Top Creators I learn from | Ankur Warikoo Hindi Video | Online learning,2021-06-24,126937,8142,3092
258,isx07mGFYW8,Why was Bitcoin invented? | Cryptocurrency Investing with Nischal Shetty - Episode 1 | Ankur Warikoo,2021-06-19,155567,7068,1082
259,QS8wrTYE4bw,My email productivity hacks | Ankur Warikoo | How to be more productive at work,2021-06-17,87362,4103,323
260,DpFXj2evzPY,Top Income Tax Saving Tips for 2021 | Tax Planning Guide for a Salaried Professional | Ankur Warikoo,2021-06-15,611695,22874,1640
261,rzsvagvZbS0,Top 5 Stock Investing Strategies | When to Buy or Sell? | Stock investing for beginners | Warikoo,2021-06-12,198889,9852,1148
262,bKgidJWVT2g,"Earn 30LPA as a Software Engineer | Ankur Warikoo x Anshuman Singh, Scaler Academy",2021-06-10,136399,4249,961
263,YSihe9BEV5Q,Credit/CIBIL Score explained in Hindi | Applying for a loan? | Ankur Warikoo,2021-06-08,124784,5223,414
264,vMLh16fw_Dk,My Smallcase Investing Strategy in 2021 | Investing for Beginners | Ankur Warikoo Hindi Video,2021-06-05,447346,16463,1955
265,2b-H6HWRtBo,How to raise funds for your startup | Ankur Warikoo | Startup funding in Hindi,2021-06-03,104707,5701,1189
266,6AFKmwumdl0,How to make money in your 20s | Passive Income Ideas for 2021 | Ankur Warikoo Hindi Video,2021-06-01,327684,22962,1446
267,BdO1sPdfxSQ,20 Online courses you must check TODAY! | Top Skills for 2021 | Ankur Warikoo Hindi Video,2021-05-29,681300,40707,2180
268,xcgzPjH9Vh8,20 Foreign Tech Stocks to buy in 2021! | Ankur Warikoo Hindi | Stock Market Investing for beginners,2021-05-27,175406,8191,4211
269,FyB5inp5r6M,Should you buy US Stocks? | Investing Strategies 2021 | Ankur Warikoo Hindi,2021-05-25,495197,24106,3665
270,5uaXq-xDp2g,"How to budget, save and make money | Ankur Warikoo | Money Management Tips | 50-30-20 Rule",2021-05-22,1492688,59195,4865
271,8ZRypDjPN8U,How to plan your career | Success Mantra | Ankur Warikoo Hindi Video,2021-05-20,171386,11468,1277
272,s6fye8WwN_4,20 Books to read in your 20s | Ankur Warikoo Book Recommendations 2021 | Must read books for all,2021-05-18,745502,43659,19467
273,HyOdHAFqsfU,Complete Zerodha Kite Tutorial - stock investing| Ankur Warikoo Hindi,2021-05-15,1232882,42416,2504
274,Uwk86DUPywI,Startup terms you need to know in 2021 | Ankur Warikoo | Startups in Hindi | VC Lingo,2021-05-13,105184,6605,521
275,ALxyE0dxcy0,How to listen to Audiobooks? - 3 Steps  | Ankur Warikoo | A beginner&#39;s guide,2021-05-11,181650,8608,559
276,WDypUuRJdJs,Should you Invest in Gold? | Investment Strategy 2021 for Beginners | Ankur Warikoo Hindi,2021-05-08,347922,14580,2072
277,kkNS_1I64c4,Truths behind becoming a SUCCESSFUL Entrepreneur | Owning your Startup in India | Ankur Warikoo,2021-05-06,93232,5828,529
278,E0kTiBHkabQ,What is Smallcase? | Ankur Warikoo | How to invest in smallcase | Step-by-step tutorial 2021,2021-05-04,923432,36378,2585
279,QxGShmS5hcc,Best way to use Credit Cards | Ankur Warikoo Hindi Video | Passive income using credit cards,2021-05-01,1673929,61297,4451
280,xY8Fs7z7O0o,My MBA Experience | Ankur Warikoo | Should you go for an MBA? | Planning your career,2021-04-29,133677,7010,470
281,ACpQo1a_RBk,How to Invest in Mutual Funds? | Investing Strategy for Beginners in 2021 | Ankur Warikoo Hindi,2021-04-27,836594,30736,2275
282,Xe73QsB-kb4,All that you SHOULD be doing in the current COVID situation | Ankur Warikoo Hindi | Home remedies!,2021-04-24,48144,3795,316
283,WacS0fiUnUs,Cryptocurrency and Bitcoin for Beginners | Ankur Warikoo ft. Coinswitch CEO | Best Cryptocurrency?,2021-04-22,271773,9299,3119
284,U0gvKt7TKic,10 Productivity tips and tricks that work | Ankur Warikoo Hindi Video | How to be more productive,2021-04-20,593289,30309,1891
285,nbrkmJTuGoY,Best Personal Finance strategies for 2021 | How to manage your money | Ankur Warikoo Hindi,2021-04-17,198775,9185,1422
286,jbgvt-IZlW0,Harsh Truths about Relationships | Ankur Warikoo Hindi Video | All about relationships,2021-04-15,170621,10862,794
287,AqrPcMYzmcc,How to become a better Reader! | How do I read my books? | Ankur Warikoo Book Recommendations,2021-04-13,262596,15224,5039
288,tN3ZtnswCWI,How to Invest in your 30s? | Stock Market Basics For Beginners in 2021 | Ankur Warikoo,2021-04-10,125509,6016,1109
289,c7b_y9aY4d0,Unboxing my YouTube silver play button! #shorts | Ankur Warikoo,2021-04-10,102595,4759,355
290,nuE623i5HAc,Is an MBA important to start a business? | Management for entrepreneurs | Ankur Warikoo Hindi Video,2021-04-08,69690,4313,358
291,wMGd43HkVJg,My content creation strategy | How I make 60 posts in 1 week! | Ankur Warikoo Hindi,2021-04-06,106269,6135,686
292,6EAlnT5Eea8,Earn more than Fixed Deposits | What are Corporate Bonds? | How to Invest in 2021 | Ankur Warikoo,2021-04-03,365990,14525,2061
293,UOm8fJAdMig,5 books that are for EVERYONE | Book Recommendations 2021 in Hindi | Ankur Warikoo Hindi,2021-03-27,500143,22040,10063
294,i6rigYunmdg,Is post-graduation needed to be successful? | Ankur Warikoo Hindi Video | Should you go for an MBA?,2021-03-25,142526,4870,656
295,uYNfT6B2Hqg,BEST Money Management tips for 2021 | Budget and track your money | Ankur Warikoo HIndi,2021-03-23,301609,11316,1002
296,oQ5GdQyxRE4,10 success Habits that WILL change your LIFE! | Ankur Warikoo Hindi Video | Must Watch for All,2021-03-20,378547,22344,4344
297,6a3qJ-qJCIE,Truths about Startup funding - everything you need to know | Ankur Warikoo Hindi Video,2021-03-18,91021,4692,325
298,nmjbzn1eKuM,Stock Analysis For beginners | Share Market Investing explained! | Ankur Warikoo Hindi Video,2021-03-16,370511,17021,911
299,tNH9DrOmtUI,Make money on YouTube in 2021 | Passive Income Ideas | Ankur Warikoo Hindi,2021-03-13,66059,3994,411
300,p4YBeXhkmyI,How to deal with toxic people at work | Ankur Warikoo Hindi Video | Surviving office politics,2021-03-11,57149,3194,317
301,W0_pFrZc8MI,Brokerage and Tax on Stocks | Investing for Beginners | Ankur Warikoo,2021-03-09,112950,6032,623
302,ciWN54s9nmQ,How to earn by teaching online | Ankur Warikoo Hindi Video | Make money online,2021-03-06,113695,5136,443
303,op_jwGT6Bvc,Time management tips for students and working professionals! | Ankur Warikoo Hindi Video,2021-03-04,632819,36293,4056
304,m_557UrDLRY,One of the MOST important things for a Startup Founder | Ankur Warikoo | Startups in Hindi,2021-02-27,73535,4736,397
305,39k7n0UZBHs,5 reasons to do an MBA in 2021 | Answering your questions | Ankur Warikoo Hindi,2021-02-25,371078,18945,1331
306,3p8G1SrW6Hk,What are the startup ideas of the future | Covid Proof Businesses | Startup ideas for 2021,2021-02-20,558413,17515,2550
307,dY8Rlm0K8Eo,How to earn money online in 2021? Top 10 Passive Income tips for students | Ankur Warikoo Hindi,2021-02-18,720735,31504,1553
308,sn5yeZrll5g,5 ways to make money while you sleep | Advice for every 20 year old | Ankur Warikoo Hindi,2021-02-16,777024,37610,1359
309,QEK8CgKpfAI,3 unusual books for Leaders | Ankur Warikoo Hindi video |  Book Recommendations,2021-02-13,116243,6628,3014
310,fkg6-CVyQ3Y,3 tips to get an Internship in 2021 | Ankur Warikoo Hindi Video | Off-Campus Internships Strategy,2021-02-11,246168,15624,472
311,jwsr3kXru7g,Basics of Stock Market | Investing vs Trading  | Investment strategy 2021 | Ankur Warikoo Hindi,2021-02-09,364890,19476,1776
312,1Cxj4uqNlg8,Getting a job at your dream startup! | Ankur Warikoo Hindi Video | 5 MUST KNOW Tips,2021-02-06,55489,2931,363
313,dQ7Q8ZdnuN0,Resume Tips for Jobs and Internships | Career Advice Hindi Video | Ankur Warikoo,2021-02-04,456994,19222,1922
314,JIRNNUANSYY,Should You BUY a new car? | Leasing or Renting a Car | COMPARE COSTS! | Ankur Warikoo Hindi,2021-02-02,728387,26129,2741
315,93LLYkn8wls,Raising funds in a startup EXPLAINED | Ankur Warikoo Startups | Business Hindi video,2021-01-30,301747,12925,1031
316,x9Yk06_l3S8,Online Degrees in India in 2021 | Ankur Warikoo Hindi Video | Internet courses explained!,2021-01-28,93147,4714,361
317,e0frvHLHMGI,What is the reality of Bitcoin? | Best Cryptocurrency? | Investing for Beginners | Ankur Warikoo,2021-01-26,302674,12436,4322
318,US4aKF1BseA,Billion dollar startups in India | My favourite Indian Startups in Hindi | Ankur Warikoo,2021-01-23,126653,5454,2657
319,feXm7H2ILuI,What job is right for you? | Find work you love | Ankur Warikoo Hindi video,2021-01-21,59308,4543,417
320,yNaN5kYTNLY,Complete Financial Planning for your 20s! | Investing for Beginners 2021 | Ankur Warikoo Hindi,2021-01-19,2778359,129757,13358
321,jzCSvpX19wQ,5 tips to crack Job Interviews | Ankur Warikoo Hindi Video | Online Interview tips 2021,2021-01-16,76268,4074,200
322,dqAe0x4pRTg,Why being Laid off from Work or Studying can be a bliss | Ultimate Career Advice | Ankur Warikoo,2021-01-14,40590,2705,444
323,7F7VGCfsasE,What is the difference between CTC and Net Salary and Gross Salary? | Ankur Warikoo Hindi Video,2021-01-12,533589,25624,1196
324,XKhizGVv80s,ESOP - Employee Stock Option Plan EXPLAINED in Hindi | Ankur Warikoo Startups | Startup Video,2021-01-09,259604,9344,793
325,eqxx2lwgarc,Best books I&#39;ve read | Book Recommendation in Hindi | Ankur Warikoo books,2021-01-07,493563,25526,1667
326,I3YGFeyxr98,How to Buy and Choose a Life Insurance? | Insurance explained in Hindi | Ankur Warikoo,2021-01-05,300907,11000,868
327,cpw4Cg3Gpx8,Should I buy or rent a house in 2021? | Financial Advice for every 20 year old | Ankur Warikoo Hindi,2021-01-02,1166963,53884,6917
328,DQdJ0vXPrGQ,Setting Smart Goals and building Good Habits! | Ankur Warikoo Hindi | New Year Resolution 2021,2020-12-29,33429,2341,1590
329,9AoAJNENV7Y,Startup or Corporate? | Which one is right for you? | Ankur Warikoo Startups | Hindi,2020-12-26,182194,9760,611
330,hIYSxqrraWA,Stock Market for Beginners | Investing Strategies 2021 | Ankur Warikoo Hindi,2020-12-22,567311,30123,2060
331,PLbgVSd-Nxc,How to test your startup idea? | Business Ideas for 2021 | Ankur Warikoo Hindi,2020-12-19,309606,18411,1320
332,0ayzJbMnBHI,Difference between good company and bad company | Choosing the right friends | Ankur Warikoo,2020-12-17,75745,5164,381
333,QNXTu53lLZA,How to start a successful Business | Covid Proof Businesses | Ankur Warikoo Hindi | Startup ideas!,2020-12-12,117289,6152,386
334,JCqZTE7E9tY,The art of asking | Ankur Warikoo हिन्दी वीडियो | Professional growth,2020-12-10,21786,1621,126
335,POdzdc-WNOY,Stock Market for Beginners | Investing in the Share Market | Ankur Warikoo Hindi,2020-12-08,104399,4937,269
336,5A4lXiG8FJw,Top 5 learnings from Rework by Jason Fried | Rework Summary in Hindi | Ankur Warikoo Books,2020-12-05,205212,10998,548
337,CBu2tcz30Bg,If You Feel You Are Letting your Parents Down - WATCH THIS | Ankur Warikoo Hindi videos,2020-12-03,18663,1829,118
338,0t_VoN_xYGY,My Investing strategy | How do millionaires invest? | Ankur Warikoo Hindi,2020-12-01,571551,26805,2642
339,jfeYsRZkTi8,Becoming a SUCCESSFUL Entrepreneur | How to start-up your business 2021 | Ankur Warikoo,2020-11-28,62007,4141,333
340,uNpGIRYUiEI,How to let go | Dealing with guilt | Ankur Warikoo hindi videos,2020-11-19,26839,1817,82
341,X4HcuMtu5zc,Should you take an education loan? | Education Loans in India 2021 | Ankur Warikoo Hindi Video,2020-11-17,254797,14826,638
342,3pOnh2XPbO4,How to get promoted at work | Asking for a promotion in your job | Ankur Warikoo Hindi,2020-11-15,24952,825,40
343,o15RXYf8Oiw,How to handle pressure | train yourself | Ankur Warikoo,2020-11-12,12296,671,18
344,UZYeoQbkh-Y,Jack of all trades master of none | Specialist or generalist? | Ankur Warikoo,2020-11-10,41575,2759,142
345,v9cS4F9BmwM,Feeling stuck and want to jump start your career? | how to stay motivated | Ankur Warikoo,2020-11-07,7767,412,22
346,Dl2WPwLD3vs,Tier 2 college now or tier 1 college later | Good things take time | Ankur Warikoo,2020-11-06,16511,1017,48
347,yAF7zt0vjzg,DO NOT do THESE common job MISTAKES! | Interview Tips | Ankur Warikoo,2020-11-05,16726,1060,23
348,Z-eh0t3OR80,Networking tips | Ankur Warikoo | approaching people for help,2020-11-04,11861,815,19
349,I0eW_Xp8_9s,Get out of your comfort zone | how to grow | Ankur Warikoo,2020-11-03,20354,1132,17
350,7hvaUSz0OO0,Internships/Jobs reaction video | Ankur Warikoo | Is it the same everywhere?,2020-11-02,4863,402,18
351,0kElhdo0DwI,A 16-year old doesn&#39;t know what to do in life | Ankur Warikoo | Decision Making Process,2020-11-01,17988,1476,69
352,savwVzZh5go,Public Speaking Skills | Boost your Confidence | Ankur Warikoo,2020-10-29,112082,7505,261
353,f5YZC8XNChk,Unhappy with your Job? Should you quit? | Ankur Warikoo Jobs | Jobs Advice in Hindi,2020-10-28,17155,1098,58
354,tQ7jI_94iuw,Should I take a gap year? | Ankur Warikoo | Advice for every 20 year old,2020-10-27,20585,1564,84
355,FYYMzYdXkN8,Finding Happiness in Life | Ankur Warikoo Hindi Video | Life Advice,2020-10-26,15471,1103,65
356,bVcu3PxA_cU,Always ask WHY first | Ankur Warikoo motivation | Life Lessons | Career advice,2020-10-25,4069,277,14
357,TITs-R1BM-M,3 money management tips | Best Personal Finance Strategies | Ankur Warikoo Hindi Video,2020-10-24,62381,2660,77
358,hB0rspHURhQ,How to stay motivated all the time | Ankur Warikoo | Stay inspired 24X7 | Motivational Video,2020-10-22,17278,1054,31
359,aIDpPkhLvKI,How to choose a career | Ankur Warikoo | How to decide a job | Career Advice,2020-10-21,11328,733,36
360,_r6f2enui-o,How to negotiate salary | Ankur Warikoo | 4 steps to successful negotiation,2020-10-20,219206,5260,89
361,at3pNucCdE8,The most IMPORTANT advice to success | Ankur Warikoo motivation | Success motivation,2020-10-19,4246,365,21
362,rFf7wPojvzQ,How to deal with haters on Social Media | Ankur Warikoo | Don&#39;t feed the Trolls!,2020-10-18,1913,133,9
363,mt9ruc-iS2I,Common financial mistakes YOU HAVE TO AVOID | Ankur Warikoo | Money mistakes in 2021,2020-10-17,103036,4467,228
364,95OW7_36nqo,Should you wait for the right business idea? | Ankur Warikoo | Entrepreneurship tips | Startup tips,2020-10-16,8523,537,21
365,CPAhCOMhJds,How to choose a career? | Ankur Warikoo | Ultimate Career Advice,2020-10-15,40663,2546,107
366,ymTv1QeUNqI,How to build a strong Company Culture | Ankur Warikoo | Fostering a culture of innovation,2020-10-14,2785,147,4
367,oiDx105TxLU,Reading habits of successful people | Ankur Warikoo Books | Motivational Video,2020-10-13,47180,2747,66
368,rKs77XqugjU,20 books you NEED to read | Book recommendations for personal growth | Ankur Warikoo Hindi,2020-10-11,136556,6933,198
369,Ge075ffkfT4,How to manage your money like THE RICH | Ankur Warikoo,2020-10-10,99430,4270,141
370,GA1VtMD5Fcs,What if you were immortal? | Ankur Warikoo | Interview Questions and Answers | How to plan your life,2020-10-09,1878,129,19
371,Gvm_XRbXiJ4,Do this EVERY MORNING! | Habits of successful people | Ankur Warikoo,2020-10-07,340568,16063,465
372,zUZ-gglWOw4,Is comfort zone ruining your life? | Find your motivation | Ankur Warikoo Hindi Video,2020-10-05,466750,28071,565
373,qv2R-97LdJE,College entrepreneurship: My thoughts | Ankur Warikoo | Entrepreneurship Myths,2020-10-04,4055,238,15
374,0z6XHmmieq0,How to ask for feedback | Ankur Warikoo | wari-Q Episode 27,2020-10-03,2594,189,18
375,uvvuO2E36kU,FEAR OF FAILURE | Ankur Warikoo | Overcome the worst time of your life!​,2020-10-02,4188,195,4
376,po6zkMXm9MQ,Is there a lion in you? | Ankur Warikoo Hindi | Motivational Speech,2020-09-30,3762,321,27
377,FzTNKcJMCuA,People judged him- He shocked them with his talent | Ankur Warikoo | Never Give Up,2020-09-29,3470,303,23
378,nrCDah5ie3g,What to do when you&#39;re HURT? | Ankur Warikoo Hindi Video | How to be Happy?,2020-09-28,12454,905,41
379,za5NkfvM94E,"How to be impactful in life | Ankur Warikoo | Life Lessons | Confidence, Opportunity, Capacity",2020-09-27,2300,96,11
380,lPVTnHHSUpM,Building good and healthy habits | 3 IMPORTANT tips | Success Habits of millionaires!,2020-09-26,35733,1925,67
381,_wQGd6Crkaw,Cold emails: How to write an email | Ankur Warikoo | 3 steps to writing the perfect cold email,2020-09-25,39131,2191,29
382,z_PUNCzVFd4,Marketing strategy in COVID times | Ankur Warikoo | Managing through Crisis | Coronavirus,2020-09-24,2140,113,8
383,ySVVuwo9wuY,Best Advice for every 20 year old | Ankur Warikoo | Discover your passion,2020-09-23,129490,8814,291
384,M4sOzHPF3ZU,Why I chose to come back from the US | Ankur Warikoo ft. @BeerBiceps  @Ranveer Allahbadia,2020-09-21,4974,232,4
385,kDM3EzZEhmg,Networking tips | How to connect with the right people FOR YOU! | Ankur Warikoo,2020-09-20,8029,352,21
386,fnBRpKKpEeI,My Resume of Failures | Ankur Warikoo | CV of Failures | Motivational Video | wari-Q Episode 25,2020-09-19,5516,397,39
387,dQNUoxycGBQ,LIVE WITHOUT REGRETS | Ankur Warikoo | Personal Growth and Self Improvement | What if?,2020-09-18,4505,408,15
388,2HBcI32BAz8,Logic vs Emotion | The Secret to Personal Growth | Ankur Warikoo,2020-09-17,5660,291,16
389,tndcxA7sT2E,Ways to discover your passion | Ankur Warikoo | What do you want in life?,2020-09-16,70712,5595,175
390,gigi9RKe_Wc,Own your life | Ankur Warikoo motivation | Live life on your own terms,2020-09-15,12842,770,50
391,txH2hVl8pDs,Food IS NOT your only diet | Ankur Warikoo | Feed Your Brain!,2020-09-14,9062,752,25
392,lsTbag2kIO4,LinkedIn Connections and Social Selling | Friday Night live with Ankur Warikoo | Networking tips,2020-09-13,4438,180,8
393,fkVUmPtlhSI,Important mistakes to AVOID in your 30s | Personal Growth | Ankur Warikoo motivation,2020-09-12,41319,1811,104
394,j9pqiNdE430,Do good in silence | Doing the right thing even when NO ONE is watching | Ankur Warikoo,2020-09-11,1656,130,7
395,xEGTpBeblAM,What to do after 12th? | Ankur Warikoo | Choosing the best career option | Career Advice,2020-09-10,4497,360,16
396,kmNzgMksTi4,Live in the present not the past | Mirrors not photographs | Ankur Warikoo motivation,2020-09-09,1984,189,10
397,DLwz0awbGwg,How to charge people for your work?  | Freelancing tips | Ankur Warikoo,2020-09-08,3861,333,19
398,jUCRrobU1g0,20 mistakes to avoid in your 20s | Every 20 year old NEEDS to hear this! | Ankur Warikoo,2020-09-05,119211,7715,353
399,jkpYqut2a50,Conflict Resolution: Managing disagreement with boss | Ankur Warikoo | Conflict management,2020-09-03,2038,112,8
400,lCaj5naCYpU,Focusing on one thing at a time | Ankur Warikoo | Multitasking | Productivity | Goal setting,2020-09-03,4622,393,29
401,sOt17lRzbxE,My opinion on Period Leave in India | Ankur Warikoo | Fighting taboos,2020-09-01,2160,150,16
402,x1FEXzllR_w,How you can choose your career path | Ankur Warikoo Career Advice | Valuable Tips,2020-08-31,12928,910,56
403,fkc-QmIL2WY,The best way to sharpen your brain | 3 important things to keep in mind | Ankur Warikoo motivation,2020-08-29,72703,4960,138
404,yd7uua3TzH4,Why I do what I do | Ankur Warikoo | My gratitude affirmations,2020-08-28,1403,88,5
405,dYJRKMVtzwI,Are you proactive or reactive? | Ankur Warikoo Hindi | Growth Mindset,2020-08-27,2824,209,12
406,U-PDk_f-o5E,How to fire someone the right way | Ankur Warikoo | Professionalism and ethics in the workplace,2020-08-26,1539,77,8
407,kQhDNTc7iN8,How to forgive someone who hurt you | Ankur Warikoo motivation | Been hurt?,2020-08-25,5287,376,15
408,u5iU5_3VPG0,Life is a game: Here is the cheat code! | Ankur Warikoo Hindi | Taking risks in life | Motivational,2020-08-21,2799,188,16
409,UXo01OVhW7E,How much is your time worth? | Ankur Warikoo ft. @Tanmay Bhat | The value of your time,2020-08-20,5977,334,20
410,MA_e6aL3e3k,Things I&#39;d tell to my 20-something self | Find out what you want to do in life | Ankur Warikoo,2020-08-19,64979,5205,192
411,z8H-b2nfzKw,The time I discovered I was a Genie! | Friday Night Live with Warikoo | Episode-2 | Ankur Warikoo,2020-08-16,2590,147,15
412,2CV6nzeyg7s,Getting your dream job | Cold email techniques for 2021 | Ankur Warikoo,2020-08-15,96039,5869,200
413,FK21biljMhQ,My relationship with Money | Ankur Warikoo ft. @Tanmay Bhat,2020-08-14,10040,436,17
414,I8SxDxUkvyg,The reality of entrepreneurship ft. @Tanmay Bhat | Business Future of our country | Warikoo Videos,2020-08-12,6140,309,13
415,9pOxtHhIUTI,Why do we seek validation? | Ankur Warikoo | Hindi | The science behind showing off,2020-08-11,4490,334,24
416,EbnGHsVy9-M,DON&#39;T GET COMFORTABLE | Ankur Warikoo w/ @Tanmay Bhat,2020-08-10,7127,481,20
417,Vx_1EIbUu60,Friday Night Live with Warikoo | Episode-1 | Ankur Warikoo | Awareness is Everything,2020-08-09,3728,205,33
418,evmDvjzFv54,How to convince your parents? | Ankur Warikoo | wari-Q Episode 18 | Convincing your family,2020-08-01,4808,335,46
419,fZri1J5aC0w,Ankur Warikoo&#39;s Failure Resume | My CV of failures | Ankur Warikoo हिंदी वीडियो,2020-07-29,49256,3226,281
420,QQGLof2Nttc,Learn a skill in 3 steps in 2021 | Ankur Warikoo | Top skills to learn in 2021,2020-07-25,21353,1282,78
421,Alk8xSxnWWQ,How to Boost your Self Confidence? | Ankur Warikoo motivation | Do you feel inferior to others?,2020-07-11,56599,3648,258
422,2VG1Px105Vc,How to write cold emails | Steps to writing a perfect cold email | Ankur Warikoo,2020-06-27,151257,7929,239
423,HN9A_8Sm5Xs,Ikigai in Hindi explained | Discover your passion! | Ankur Warikoo,2020-06-24,86185,5484,287
424,GymvWtiSy5E,Dealing with Office Politics | Important tips | Ankur Warikoo | Career Advice 101,2020-06-20,61453,2360,133
425,CXhmv35nHgA,How I deal with negative thoughts | Ankur Warikoo | Stop negative thoughts,2020-06-13,11959,690,80
426,qZhdowU_TIw,How to stay motivated | Break Bad Habits | Ankur Warikoo Motivation,2020-06-06,18595,1253,71
427,NZw4hNJGgSQ,Your network is your NET WORTH | Networking tips | Ankur Warikoo,2020-05-30,138844,7433,435
428,2wAQHlS_2io,Starting a business in 2021 | Should you launch a Startup? | Ankur Warikoo,2020-05-23,54935,2296,147
429,bJMlJnc4IDA,How to deal with problems in life | Ankur Warikoo Hindi | Motivational Speech | Solving Life Problem,2020-05-20,21534,1325,77
430,PJmauUYfQDE,WHY is this happening to ME? | wari-Q: Episode 07 | Ankur Warikoo,2020-05-16,3815,240,35
431,J96CGqU3a5E,You are more CAPABLE than YOU THINK you are | Ankur Warikoo | Your only limit is YOU,2020-05-13,108543,6833,262
432,ZhAVgEBOzV8,warikoo Weekly rewind #3- A compilation of all my weekly videos! | Ankur Warikoo | Hindi,2020-05-03,921,49,10
433,HpvCXV4mcMM,Hate your Job but cannot quit? | Need that extra money? | Warikoo Motivation,2020-05-02,63320,2644,270
434,evnw2TqbECw,Do you have an UNHEALTHY relationship with MONEY? | Ankur Warikoo | Don&#39;t let Money break you up!,2020-04-29,14898,1143,130
435,fesWpR6VO90,warikoo Weekly Rewind #2 | Ankur Warikoo | Life Lessons | Motivational Videos in Hindi,2020-04-26,923,80,13
436,-g7jupVSV8U,Making a difficult choice | Ankur Warikoo | Are choices reversible?,2020-04-25,10010,564,48
437,zWIzVlXKdRw,The Importance of LISTENING | Ankur Warikoo motivation | Being a good listener,2020-04-22,29665,2031,109
438,85pLLpmeliE,Productivity hacks - Work From Home edition | Ankur Warikoo on WFH | Career Advice,2020-04-11,9553,347,15
439,lpfxdFyJyzI,Find a mentor | Career Advice for Personal Growth | Ankur Warikoo Motivation,2020-04-04,32256,1566,62
440,FY0v_ubKi5w,RBI ka aadesh: Kya nahi deni hogi 3 mahine ki EMI? | Ankur Warikoo | Lockdown Updates | Hindi,2020-04-02,1662,57,9
441,tspAs9rQ8ek,Why you have a hard time trusting people | Ankur Warikoo | Hindi | Trust Issues,2020-04-01,6000,414,28
442,jfRyO3U3ZeU,What leads change in your life? | Thoughts by Ankur Warikoo | Motivational Videos in English,2020-03-27,3519,160,5
443,NskXH7PnZro,आपके जीवन में कौन परिवर्तन लाता है? | Aap kiski wajah se badalte hain? | Hindi Motivational Videos,2020-03-27,1414,84,3
444,XaDT6TR-OcE,3 ways covid 19 impacted my learning | What it gave and took from us | Ankur Warikoo motivation,2020-03-26,13203,375,31
445,byU7P54-Q1k,Who sets your Boundaries? What are your limits? | Thoughts by Ankur Warikoo | Motivational Video,2020-03-25,3262,232,9
446,1bBDs0SaXVw,Is sacrificing yourself always the best thing to do? | #warikooWednesdays S03E23 | Ankur Warikoo,2020-02-13,1851,106,4
447,4A2uiVBOYsk,Business Marketing Ideas in 2021 | How to create Marketing Plans? | Ankur Warikoo with @Tanmay Bhat,2020-02-06,58488,2422,108
448,gbCBRD81gCc,Who is your biggest fan? | #warikooWednesdays S03E22 | Ankur Warikoo | Motivational Speech English,2020-02-05,1319,83,7
449,1kLRIvzMPlE,What is your definition of Success? |#warikooWednesdays S03E21 | Success and Failure | Ankur Warikoo,2020-01-22,1888,64,12
450,PFEnt-Oc0fM,The root cause of suffering | #warikooWednesdays S03E19 | Ankur Warikoo | Sadness and sorrow,2020-01-08,1021,58,11
451,9WMewstHHEY,The secret to being successful in life | Ankur Warikoo | Best Motivational Videos of 2020,2019-12-28,51453,2498,15
452,I_LqRg80ZdI,"How do you react in life, when you lose? | Ankur Warikoo | Best Motivational Speakers 2020",2019-12-23,63459,3777,23
453,fcVIBLlZCOI,Be like water! | #warikooWednesdays S03E18 | Ankur Warikoo | When plans fail,2019-12-18,1232,73,8
454,4hfB0tibgSA,The Value of Your Words | #warikooWednesdays S03E17 | Ankur Warikoo | Motivational speech in English,2019-12-11,914,50,2
455,NNk96ZqmH9E,What should I do in life? | Ankur Warikoo | Best Motivational Speakers of India 2020,2019-12-06,32499,2361,7
456,ycq7pq0brbA,It is very easy to come up with new ideas! | Ankur Warikoo | Entrepreneurs of India,2019-12-03,19186,1038,6
457,ZQXNPvlFmGc,No work is poor | Ankur Warikoo | Motivational Video 2020 #shorts,2019-11-30,80524,3897,46
458,mIeodQzVvE0,Has someone hurt you? | Ankur Warikoo | English Motivational Video 2020 | Life lessons,2019-11-25,9896,587,8
459,IM728oUYoL0,Who do we fall in love with? | Ankur Warikoo | Top Motivational Speakers of India 2020,2019-11-24,12921,1148,19
460,PhA5xkwqjzs,Is it Even Possible to be happy? | #warikooWednesdays S03E14 | Ankur Warikoo | Pain and Happiness,2019-11-20,913,63,15
461,k62xP-XNWbQ,How to create an impact? | Ankur Warikoo video | Growth Mindset,2019-11-16,3506,193,4
462,hxBjyxzaopY,How hard can you work after getting that one chance? | Ankur Warikoo | Motivational Video in English,2019-11-14,9333,1288,11
463,PrAwwjOfCX4,What is the biggest mistake you can make at Work? | Ankur Warikoo | Best Motivational Videos 2020,2019-11-09,122468,7737,57
464,50JiNQBknWk,Log Kya kahenge? | Ankur warikoo 2020 video | Life lessons,2019-11-07,4232,312,1
465,mK7cvNNuI4Q,Is this worth it? | #warikooWednesdays S03E11 | Ankur Warikoo | Motivational Speech in English,2019-10-30,856,45,4
466,FAHZLdO-8H4,Prediction and Patterns | #warikooWednesdays S03E10 | Ankur Warikoo | Preparing for Change,2019-10-23,1034,37,2
467,hCy7nDg1olE,"Exit from one life means, entry in to another life! | Ankur Warikoo | Motivational Videos of 2020",2019-10-18,2577,139,1
468,Ue3Uuwczt2k,What is the purpose of a child? | #warikooWednesday S03E09 | Ankur Warikoo | Living in the moment,2019-10-16,963,49,3
469,7Y_cvhv3kjY,Regret is the end of your life.,2019-10-01,6083,450,11
470,duLtG3FsVTk,Do you want to get inspired?,2019-09-29,2016,139,11
471,vRevn7B9hN4,You would never learn from someone who always agrees with you :),2019-09-01,2311,143,2
472,mGxn5BrQTxQ,Aren&#39;t we all kids after all?,2019-08-30,1609,75,2
473,c02uRlNjWaI,The thing about destiny | #warikooWednesday S03E03 | Ankur Warikoo | Motivational Video in English,2019-08-21,1734,113,13
474,RwO3WnsscNc,What is the Purpose of Human Life? | Friday Nights with Warikoo: Closing Episode | Ankur Warikoo,2019-07-26,1587,54,9
475,2L_Lp-v68aU,What is the worst thing about you?,2019-06-27,1646,91,3
476,cc1vCYbeNmc,Happy or Peaceful?,2019-06-20,1878,127,2
477,j_Cjm8JZMKg,Actions and its consequences,2019-06-19,1359,87,3
478,C7v39uMHXio,Do you feel let down by society? | Ankur Warikoo Motivation 2020 | Social Emotional Learning,2019-06-17,1323,72,2
479,6sjfu9u0Wqg,Failure to Success,2019-06-12,1555,118,6
480,zmH2ncTcZ1s,Firing friends is just as important as hiring them!,2019-06-06,1101,55,6
481,NEiKE7PuM9E,Do not let other people decide your self-worth!,2019-06-03,1751,133,4
482,7lO-9Q-9FRQ,Road Not Taken,2019-05-29,11207,719,10
483,qgeMPm7YjNw,Respect,2019-05-23,2906,244,6
484,2VcxFne5-PQ,Fear of Losing,2019-05-21,5620,390,6
485,MxhhBhNwfJg,Trust,2019-05-16,1786,100,8
486,IwO-N_Z7L5g,Do parents fail their kids? | Friday Nights with Warikoo Episode 5 | Ankur Warikoo | Life Lessons,2019-05-03,1244,53,6
487,WRlgyBwPtWs,What are we wishing for? | Friday Nights With Warikoo Ep 3 | Ankur Warikoo | Stories of Suffering,2019-04-19,1289,43,9
488,Th0W_q19EmA,Can we do the right thing when no one is looking?,2019-04-18,1537,111,10
489,HebXRdTVMCs,What is the purpose of religion? | Friday Nights with Warikoo Ep 2 | Ankur Warikoo | Life Questions,2019-04-12,2346,84,8
490,-8EtKbQg4Fk,Who are we living for? | Friday Nights with Warikoo Episode 1 | Ankur Warikoo | Societal Pressure,2019-04-05,4213,129,7
491,rnUwMlfk0C8,What is your superpower? | Ankur Warikoo | How to be successful in life,2019-04-05,14195,2031,19
492,hMU3M8rcliE,#warikooWednesdays Season 2 Finale | Thank you for all the love!,2019-01-30,1617,29,2
493,yXdhpSWVKx4,Why do you ask Questions? | #warikooWednesdays S02E23 | The Power of Questions,2019-01-09,1020,43,7
494,Fi4Tmiq6xpY,How do you respond to apologies? | #warikooWednesdays S02E22 | &quot;I&#39;m sorry&quot; | Ankur Warikoo,2019-01-08,1115,66,4
495,eey-C0Cr7mc,Feeling lost? Even a map can&#39;t help you! | #warikooWednesdays S02E20 | Ankur Warikoo,2018-12-23,1384,64,3
496,l8-hPHYgzjE,"Ask for advice, not for feedback! | #warikooWednesdays S02E18 | Ankur Warikoo | English",2018-12-05,1317,70,5
497,5O9ho1xYH28,What if you were immortal? | #warikooWednesdays S02E14 | Ankur Warikoo | Life Lessons,2018-11-14,881,37,5
498,KZFgoGj5hmI,Excuses are not valid! | #warikooWednesdays S02E13 | Motivational Video | Ankur Warikoo,2018-10-24,1047,42,4